Workbook

Sheet Raw
A1: assessment_id | B1: month | C1: course_id | D1: batch | E1: score | F1: attendance_pct | H1: Raw row count (before cleaning) | I1: =COUNTA(A2:A14) -> 13
A2: 1 | B2: Jan | C2: C1 | D2: Morning | E2: 72 | F2: 90 | H2: Original 13 rows unchanged. Row 14 (assessment_id 12) is the exact duplicate.
A3: 2 | B3: Jan | C3: C2 | D3: Evening | E3: 45 | F3: 70
A4: 3 | B4: Jan | C4: C3 | D4: Morning | E4: 65 | F4: 85
A5: 4 | B5: Jan | C5: C4 | D5: Weekend | E5: 38 | F5: 60
A6: 5 | B6: Feb | C6: C1 | D6: Evening | E6: 80 | F6: 95
A7: 6 | B7: Feb | C7: C2 | D7: Weekend | E7: 55 | F7: 80
A8: 7 | B8: Feb | C8: C3 | D8: Morning | E8: 48 | F8: 75
A9: 8 | B9: Feb | C9: C4 | D9: Evening | E9: 68 | F9: 88
A10: 9 | B10: Mar | C10: C1 | D10: Weekend | E10: 90 | F10: 98
A11: 10 | B11: Mar | C11: C2 | D11: Morning | E11: 60 | F11: 82
A12: 11 | B12: Mar | C12: C3 | D12: Evening | E12: 75 | F12: 92
A13: 12 | B13: Mar | C13: C4 | D13: Weekend | E13: 42 | F13: 65
A14: 12 | B14: Mar | C14: C4 | D14: Weekend | E14: 42 | F14: 65

Sheet Lookup
A1: course_id | B1: course | C1: department
A2: C1 | B2: Excel | C2: Business
A3: C2 | B3: PowerBI | C3: Business
A4: C3 | B4: SQL | C4: Technology
A5: C4 | B5: Python | C5: Technology

Sheet Clean
A1: assessment_id | B1: month | C1: course_id | D1: batch | E1: score | F1: attendance_pct | G1: department | H1: pass_flag | J1: Before row count (Raw) | K1: =COUNTA(Raw!A2:A14) -> 13
A2: 1 | B2: Jan | C2: C1 | D2: Morning | E2: 72 | F2: 90 | G2: =INDEX(Lookup!$C$2:$C$5,MATCH(C2,Lookup!$A$2:$A$5,0)) -> Business | H2: =IF(E2>=50,1,0) -> 1 | J2: After row count (Clean) | K2: =COUNTA(A2:A13) -> 12
A3: 2 | B3: Jan | C3: C2 | D3: Evening | E3: 45 | F3: 70 | G3: =INDEX(Lookup!$C$2:$C$5,MATCH(C3,Lookup!$A$2:$A$5,0)) -> Business | H3: =IF(E3>=50,1,0) -> 0 | J3: Duplicates removed | K3: =K1-K2 -> 1
A4: 3 | B4: Jan | C4: C3 | D4: Morning | E4: 65 | F4: 85 | G4: =INDEX(Lookup!$C$2:$C$5,MATCH(C4,Lookup!$A$2:$A$5,0)) -> Technology | H4: =IF(E4>=50,1,0) -> 1
A5: 4 | B5: Jan | C5: C4 | D5: Weekend | E5: 38 | F5: 60 | G5: =INDEX(Lookup!$C$2:$C$5,MATCH(C5,Lookup!$A$2:$A$5,0)) -> Technology | H5: =IF(E5>=50,1,0) -> 0 | J5: department = INDEX/MATCH on Lookup (course_id); pass_flag = IF(score>=50,1,0)
A6: 5 | B6: Feb | C6: C1 | D6: Evening | E6: 80 | F6: 95 | G6: =INDEX(Lookup!$C$2:$C$5,MATCH(C6,Lookup!$A$2:$A$5,0)) -> Business | H6: =IF(E6>=50,1,0) -> 1
A7: 6 | B7: Feb | C7: C2 | D7: Weekend | E7: 55 | F7: 80 | G7: =INDEX(Lookup!$C$2:$C$5,MATCH(C7,Lookup!$A$2:$A$5,0)) -> Business | H7: =IF(E7>=50,1,0) -> 1
A8: 7 | B8: Feb | C8: C3 | D8: Morning | E8: 48 | F8: 75 | G8: =INDEX(Lookup!$C$2:$C$5,MATCH(C8,Lookup!$A$2:$A$5,0)) -> Technology | H8: =IF(E8>=50,1,0) -> 0
A9: 8 | B9: Feb | C9: C4 | D9: Evening | E9: 68 | F9: 88 | G9: =INDEX(Lookup!$C$2:$C$5,MATCH(C9,Lookup!$A$2:$A$5,0)) -> Technology | H9: =IF(E9>=50,1,0) -> 1
A10: 9 | B10: Mar | C10: C1 | D10: Weekend | E10: 90 | F10: 98 | G10: =INDEX(Lookup!$C$2:$C$5,MATCH(C10,Lookup!$A$2:$A$5,0)) -> Business | H10: =IF(E10>=50,1,0) -> 1
A11: 10 | B11: Mar | C11: C2 | D11: Morning | E11: 60 | F11: 82 | G11: =INDEX(Lookup!$C$2:$C$5,MATCH(C11,Lookup!$A$2:$A$5,0)) -> Business | H11: =IF(E11>=50,1,0) -> 1
A12: 11 | B12: Mar | C12: C3 | D12: Evening | E12: 75 | F12: 92 | G12: =INDEX(Lookup!$C$2:$C$5,MATCH(C12,Lookup!$A$2:$A$5,0)) -> Technology | H12: =IF(E12>=50,1,0) -> 1
A13: 12 | B13: Mar | C13: C4 | D13: Weekend | E13: 42 | F13: 65 | G13: =INDEX(Lookup!$C$2:$C$5,MATCH(C13,Lookup!$A$2:$A$5,0)) -> Technology | H13: =IF(E13>=50,1,0) -> 0

Sheet Summary
A1: Training Performance - Summary
A3: E2: Passing assessments by batch (COUNTIFS on pass_flag = 1)
A4: batch | B4: passing_assessments | D4: Overall pass rate | E4: =B8/COUNTA(Clean!A2:A13) -> 0.66666667
A5: Morning | B5: =COUNTIFS(Clean!$D$2:$D$13,A5,Clean!$H$2:$H$13,1) -> 3
A6: Evening | B6: =COUNTIFS(Clean!$D$2:$D$13,A6,Clean!$H$2:$H$13,1) -> 3
A7: Weekend | B7: =COUNTIFS(Clean!$D$2:$D$13,A7,Clean!$H$2:$H$13,1) -> 2
A8: Total | B8: =SUM(B5:B7) -> 8
A11: E3: Average score, department x month (live AVERAGEIFS table, same layout as PivotTable)
A12: department | B12: Jan | C12: Feb | D12: Mar | E12: Grand Total
A13: Business | B13: =AVERAGEIFS(Clean!$E$2:$E$13,Clean!$G$2:$G$13,$A13,Clean!$B$2:$B$13,B$12) -> 58.5 | C13: =AVERAGEIFS(Clean!$E$2:$E$13,Clean!$G$2:$G$13,$A13,Clean!$B$2:$B$13,C$12) -> 67.5 | D13: =AVERAGEIFS(Clean!$E$2:$E$13,Clean!$G$2:$G$13,$A13,Clean!$B$2:$B$13,D$12) -> 75 | E13: =AVERAGEIFS(Clean!$E$2:$E$13,Clean!$G$2:$G$13,$A13) -> 67
A14: Technology | B14: =AVERAGEIFS(Clean!$E$2:$E$13,Clean!$G$2:$G$13,$A14,Clean!$B$2:$B$13,B$12) -> 51.5 | C14: =AVERAGEIFS(Clean!$E$2:$E$13,Clean!$G$2:$G$13,$A14,Clean!$B$2:$B$13,C$12) -> 58 | D14: =AVERAGEIFS(Clean!$E$2:$E$13,Clean!$G$2:$G$13,$A14,Clean!$B$2:$B$13,D$12) -> 58.5 | E14: =AVERAGEIFS(Clean!$E$2:$E$13,Clean!$G$2:$G$13,$A14) -> 56
A15: Grand Total | B15: =AVERAGEIFS(Clean!$E$2:$E$13,Clean!$B$2:$B$13,B$12) -> 55 | C15: =AVERAGEIFS(Clean!$E$2:$E$13,Clean!$B$2:$B$13,C$12) -> 62.75 | D15: =AVERAGEIFS(Clean!$E$2:$E$13,Clean!$B$2:$B$13,D$12) -> 66.75 | E15: =AVERAGE(Clean!$E$2:$E$13) -> 61.5
A17: Reconciliation: Technology Grand Total (E14) = SQL S2a = Python summary = Power BI card = 56.00
A18: REAL PIVOT: Insert > PivotTable on Clean!A1:H13, place at G3 here. Rows=department, Columns=month (order Jan, Feb, Mar), Values=Average of score.
